status	action	transport_handler	source	line
partial	MainAction.INSTANCE	TransportMainAction.class	/home/ubuntu/OpenSearch/server/src/main/java/org/opensearch/action/ActionModule.java	656
partial	NodesInfoAction.INSTANCE	TransportNodesInfoAction.class	/home/ubuntu/OpenSearch/server/src/main/java/org/opensearch/action/ActionModule.java	657
partial	RemoteInfoAction.INSTANCE	TransportRemoteInfoAction.class	/home/ubuntu/OpenSearch/server/src/main/java/org/opensearch/action/ActionModule.java	658
partial	NodesStatsAction.INSTANCE	TransportNodesStatsAction.class	/home/ubuntu/OpenSearch/server/src/main/java/org/opensearch/action/ActionModule.java	659
partial	WlmStatsAction.INSTANCE	TransportWlmStatsAction.class	/home/ubuntu/OpenSearch/server/src/main/java/org/opensearch/action/ActionModule.java	660
partial	RemoteStoreStatsAction.INSTANCE	TransportRemoteStoreStatsAction.class	/home/ubuntu/OpenSearch/server/src/main/java/org/opensearch/action/ActionModule.java	661
partial	RemoteStoreMetadataAction.INSTANCE	TransportRemoteStoreMetadataAction.class	/home/ubuntu/OpenSearch/server/src/main/java/org/opensearch/action/ActionModule.java	662
partial	NodesUsageAction.INSTANCE	TransportNodesUsageAction.class	/home/ubuntu/OpenSearch/server/src/main/java/org/opensearch/action/ActionModule.java	663
partial	NodesHotThreadsAction.INSTANCE	TransportNodesHotThreadsAction.class	/home/ubuntu/OpenSearch/server/src/main/java/org/opensearch/action/ActionModule.java	664
implemented	ListTasksAction.INSTANCE	TransportListTasksAction.class	/home/ubuntu/OpenSearch/server/src/main/java/org/opensearch/action/ActionModule.java	665
partial	GetTaskAction.INSTANCE	TransportGetTaskAction.class	/home/ubuntu/OpenSearch/server/src/main/java/org/opensearch/action/ActionModule.java	666
implemented	CancelTasksAction.INSTANCE	TransportCancelTasksAction.class	/home/ubuntu/OpenSearch/server/src/main/java/org/opensearch/action/ActionModule.java	667
partial	AddVotingConfigExclusionsAction.INSTANCE	TransportAddVotingConfigExclusionsAction.class	/home/ubuntu/OpenSearch/server/src/main/java/org/opensearch/action/ActionModule.java	669
partial	ClearVotingConfigExclusionsAction.INSTANCE	TransportClearVotingConfigExclusionsAction.class	/home/ubuntu/OpenSearch/server/src/main/java/org/opensearch/action/ActionModule.java	670
partial	ClusterAllocationExplainAction.INSTANCE	TransportClusterAllocationExplainAction.class	/home/ubuntu/OpenSearch/server/src/main/java/org/opensearch/action/ActionModule.java	671
partial	ClusterStatsAction.INSTANCE	TransportClusterStatsAction.class	/home/ubuntu/OpenSearch/server/src/main/java/org/opensearch/action/ActionModule.java	672
implemented	ClusterStateAction.INSTANCE	TransportClusterStateAction.class	/home/ubuntu/OpenSearch/server/src/main/java/org/opensearch/action/ActionModule.java	673
partial	GetTermVersionAction.INSTANCE	TransportGetTermVersionAction.class	/home/ubuntu/OpenSearch/server/src/main/java/org/opensearch/action/ActionModule.java	674
implemented	ClusterHealthAction.INSTANCE	TransportClusterHealthAction.class	/home/ubuntu/OpenSearch/server/src/main/java/org/opensearch/action/ActionModule.java	675
partial	ClusterUpdateSettingsAction.INSTANCE	TransportClusterUpdateSettingsAction.class	/home/ubuntu/OpenSearch/server/src/main/java/org/opensearch/action/ActionModule.java	676
partial	ClusterRerouteAction.INSTANCE	TransportClusterRerouteAction.class	/home/ubuntu/OpenSearch/server/src/main/java/org/opensearch/action/ActionModule.java	677
partial	ClusterSearchShardsAction.INSTANCE	TransportClusterSearchShardsAction.class	/home/ubuntu/OpenSearch/server/src/main/java/org/opensearch/action/ActionModule.java	678
implemented	PendingClusterTasksAction.INSTANCE	TransportPendingClusterTasksAction.class	/home/ubuntu/OpenSearch/server/src/main/java/org/opensearch/action/ActionModule.java	679
partial	PruneFileCacheAction.INSTANCE	TransportPruneFileCacheAction.class	/home/ubuntu/OpenSearch/server/src/main/java/org/opensearch/action/ActionModule.java	680
partial	PutRepositoryAction.INSTANCE	TransportPutRepositoryAction.class	/home/ubuntu/OpenSearch/server/src/main/java/org/opensearch/action/ActionModule.java	681
partial	GetRepositoriesAction.INSTANCE	TransportGetRepositoriesAction.class	/home/ubuntu/OpenSearch/server/src/main/java/org/opensearch/action/ActionModule.java	682
partial	DeleteRepositoryAction.INSTANCE	TransportDeleteRepositoryAction.class	/home/ubuntu/OpenSearch/server/src/main/java/org/opensearch/action/ActionModule.java	683
partial	VerifyRepositoryAction.INSTANCE	TransportVerifyRepositoryAction.class	/home/ubuntu/OpenSearch/server/src/main/java/org/opensearch/action/ActionModule.java	684
partial	CleanupRepositoryAction.INSTANCE	TransportCleanupRepositoryAction.class	/home/ubuntu/OpenSearch/server/src/main/java/org/opensearch/action/ActionModule.java	685
partial	GetSnapshotsAction.INSTANCE	TransportGetSnapshotsAction.class	/home/ubuntu/OpenSearch/server/src/main/java/org/opensearch/action/ActionModule.java	686
partial	DeleteSnapshotAction.INSTANCE	TransportDeleteSnapshotAction.class	/home/ubuntu/OpenSearch/server/src/main/java/org/opensearch/action/ActionModule.java	687
partial	CreateSnapshotAction.INSTANCE	TransportCreateSnapshotAction.class	/home/ubuntu/OpenSearch/server/src/main/java/org/opensearch/action/ActionModule.java	688
partial	CloneSnapshotAction.INSTANCE	TransportCloneSnapshotAction.class	/home/ubuntu/OpenSearch/server/src/main/java/org/opensearch/action/ActionModule.java	689
planned	RestoreSnapshotAction.INSTANCE	TransportRestoreSnapshotAction.class	/home/ubuntu/OpenSearch/server/src/main/java/org/opensearch/action/ActionModule.java	690
planned	SnapshotsStatusAction.INSTANCE	TransportSnapshotsStatusAction.class	/home/ubuntu/OpenSearch/server/src/main/java/org/opensearch/action/ActionModule.java	691
planned	ClusterAddWeightedRoutingAction.INSTANCE	TransportAddWeightedRoutingAction.class	/home/ubuntu/OpenSearch/server/src/main/java/org/opensearch/action/ActionModule.java	693
planned	ClusterGetWeightedRoutingAction.INSTANCE	TransportGetWeightedRoutingAction.class	/home/ubuntu/OpenSearch/server/src/main/java/org/opensearch/action/ActionModule.java	694
planned	ClusterDeleteWeightedRoutingAction.INSTANCE	TransportDeleteWeightedRoutingAction.class	/home/ubuntu/OpenSearch/server/src/main/java/org/opensearch/action/ActionModule.java	695
partial	IndicesStatsAction.INSTANCE	TransportIndicesStatsAction.class	/home/ubuntu/OpenSearch/server/src/main/java/org/opensearch/action/ActionModule.java	696
partial	CatShardsAction.INSTANCE	TransportCatShardsAction.class	/home/ubuntu/OpenSearch/server/src/main/java/org/opensearch/action/ActionModule.java	697
partial	IndicesSegmentsAction.INSTANCE	TransportIndicesSegmentsAction.class	/home/ubuntu/OpenSearch/server/src/main/java/org/opensearch/action/ActionModule.java	698
partial	IndicesShardStoresAction.INSTANCE	TransportIndicesShardStoresAction.class	/home/ubuntu/OpenSearch/server/src/main/java/org/opensearch/action/ActionModule.java	699
partial	CreateIndexAction.INSTANCE	TransportCreateIndexAction.class	/home/ubuntu/OpenSearch/server/src/main/java/org/opensearch/action/ActionModule.java	700
planned	ResizeAction.INSTANCE	TransportResizeAction.class	/home/ubuntu/OpenSearch/server/src/main/java/org/opensearch/action/ActionModule.java	701
planned	RolloverAction.INSTANCE	TransportRolloverAction.class	/home/ubuntu/OpenSearch/server/src/main/java/org/opensearch/action/ActionModule.java	702
partial	DeleteIndexAction.INSTANCE	TransportDeleteIndexAction.class	/home/ubuntu/OpenSearch/server/src/main/java/org/opensearch/action/ActionModule.java	703
partial	GetIndexAction.INSTANCE	TransportGetIndexAction.class	/home/ubuntu/OpenSearch/server/src/main/java/org/opensearch/action/ActionModule.java	704
partial	OpenIndexAction.INSTANCE	TransportOpenIndexAction.class	/home/ubuntu/OpenSearch/server/src/main/java/org/opensearch/action/ActionModule.java	705
partial	CloseIndexAction.INSTANCE	TransportCloseIndexAction.class	/home/ubuntu/OpenSearch/server/src/main/java/org/opensearch/action/ActionModule.java	706
partial	IndicesExistsAction.INSTANCE	TransportIndicesExistsAction.class	/home/ubuntu/OpenSearch/server/src/main/java/org/opensearch/action/ActionModule.java	707
partial	AddIndexBlockAction.INSTANCE	TransportAddIndexBlockAction.class	/home/ubuntu/OpenSearch/server/src/main/java/org/opensearch/action/ActionModule.java	708
partial	GetMappingsAction.INSTANCE	TransportGetMappingsAction.class	/home/ubuntu/OpenSearch/server/src/main/java/org/opensearch/action/ActionModule.java	709
partial	GetFieldMappingsAction.INSTANCE	TransportGetFieldMappingsAction.class	/home/ubuntu/OpenSearch/server/src/main/java/org/opensearch/action/ActionModule.java	710
planned	PutMappingAction.INSTANCE	TransportPutMappingAction.class	/home/ubuntu/OpenSearch/server/src/main/java/org/opensearch/action/ActionModule.java	715
planned	AutoPutMappingAction.INSTANCE	TransportAutoPutMappingAction.class	/home/ubuntu/OpenSearch/server/src/main/java/org/opensearch/action/ActionModule.java	716
planned	IndicesAliasesAction.INSTANCE	TransportIndicesAliasesAction.class	/home/ubuntu/OpenSearch/server/src/main/java/org/opensearch/action/ActionModule.java	717
planned	UpdateSettingsAction.INSTANCE	TransportUpdateSettingsAction.class	/home/ubuntu/OpenSearch/server/src/main/java/org/opensearch/action/ActionModule.java	718
planned	ScaleIndexAction.INSTANCE	TransportScaleIndexAction.class	/home/ubuntu/OpenSearch/server/src/main/java/org/opensearch/action/ActionModule.java	719
planned	AnalyzeAction.INSTANCE	TransportAnalyzeAction.class	/home/ubuntu/OpenSearch/server/src/main/java/org/opensearch/action/ActionModule.java	720
planned	PutIndexTemplateAction.INSTANCE	TransportPutIndexTemplateAction.class	/home/ubuntu/OpenSearch/server/src/main/java/org/opensearch/action/ActionModule.java	721
partial	GetIndexTemplatesAction.INSTANCE	TransportGetIndexTemplatesAction.class	/home/ubuntu/OpenSearch/server/src/main/java/org/opensearch/action/ActionModule.java	722
partial	DeleteIndexTemplateAction.INSTANCE	TransportDeleteIndexTemplateAction.class	/home/ubuntu/OpenSearch/server/src/main/java/org/opensearch/action/ActionModule.java	723
planned	PutComponentTemplateAction.INSTANCE	TransportPutComponentTemplateAction.class	/home/ubuntu/OpenSearch/server/src/main/java/org/opensearch/action/ActionModule.java	724
partial	GetComponentTemplateAction.INSTANCE	TransportGetComponentTemplateAction.class	/home/ubuntu/OpenSearch/server/src/main/java/org/opensearch/action/ActionModule.java	725
partial	DeleteComponentTemplateAction.INSTANCE	TransportDeleteComponentTemplateAction.class	/home/ubuntu/OpenSearch/server/src/main/java/org/opensearch/action/ActionModule.java	726
planned	PutComposableIndexTemplateAction.INSTANCE	TransportPutComposableIndexTemplateAction.class	/home/ubuntu/OpenSearch/server/src/main/java/org/opensearch/action/ActionModule.java	727
partial	GetComposableIndexTemplateAction.INSTANCE	TransportGetComposableIndexTemplateAction.class	/home/ubuntu/OpenSearch/server/src/main/java/org/opensearch/action/ActionModule.java	728
partial	DeleteComposableIndexTemplateAction.INSTANCE	TransportDeleteComposableIndexTemplateAction.class	/home/ubuntu/OpenSearch/server/src/main/java/org/opensearch/action/ActionModule.java	729
planned	SimulateIndexTemplateAction.INSTANCE	TransportSimulateIndexTemplateAction.class	/home/ubuntu/OpenSearch/server/src/main/java/org/opensearch/action/ActionModule.java	730
planned	SimulateTemplateAction.INSTANCE	TransportSimulateTemplateAction.class	/home/ubuntu/OpenSearch/server/src/main/java/org/opensearch/action/ActionModule.java	731
planned	ValidateQueryAction.INSTANCE	TransportValidateQueryAction.class	/home/ubuntu/OpenSearch/server/src/main/java/org/opensearch/action/ActionModule.java	732
implemented	RefreshAction.INSTANCE	TransportRefreshAction.class	/home/ubuntu/OpenSearch/server/src/main/java/org/opensearch/action/ActionModule.java	733
planned	FlushAction.INSTANCE	TransportFlushAction.class	/home/ubuntu/OpenSearch/server/src/main/java/org/opensearch/action/ActionModule.java	734
planned	ForceMergeAction.INSTANCE	TransportForceMergeAction.class	/home/ubuntu/OpenSearch/server/src/main/java/org/opensearch/action/ActionModule.java	735
planned	UpgradeAction.INSTANCE	TransportUpgradeAction.class	/home/ubuntu/OpenSearch/server/src/main/java/org/opensearch/action/ActionModule.java	736
planned	UpgradeStatusAction.INSTANCE	TransportUpgradeStatusAction.class	/home/ubuntu/OpenSearch/server/src/main/java/org/opensearch/action/ActionModule.java	737
planned	UpgradeSettingsAction.INSTANCE	TransportUpgradeSettingsAction.class	/home/ubuntu/OpenSearch/server/src/main/java/org/opensearch/action/ActionModule.java	738
planned	ClearIndicesCacheAction.INSTANCE	TransportClearIndicesCacheAction.class	/home/ubuntu/OpenSearch/server/src/main/java/org/opensearch/action/ActionModule.java	739
partial	GetAliasesAction.INSTANCE	TransportGetAliasesAction.class	/home/ubuntu/OpenSearch/server/src/main/java/org/opensearch/action/ActionModule.java	740
partial	GetSettingsAction.INSTANCE	TransportGetSettingsAction.class	/home/ubuntu/OpenSearch/server/src/main/java/org/opensearch/action/ActionModule.java	741
implemented	IndexAction.INSTANCE	TransportIndexAction.class	/home/ubuntu/OpenSearch/server/src/main/java/org/opensearch/action/ActionModule.java	743
implemented	GetAction.INSTANCE	TransportGetAction.class	/home/ubuntu/OpenSearch/server/src/main/java/org/opensearch/action/ActionModule.java	744
planned	TermVectorsAction.INSTANCE	TransportTermVectorsAction.class	/home/ubuntu/OpenSearch/server/src/main/java/org/opensearch/action/ActionModule.java	745
planned	MultiTermVectorsAction.INSTANCE	TransportMultiTermVectorsAction.class	/home/ubuntu/OpenSearch/server/src/main/java/org/opensearch/action/ActionModule.java	746
implemented	DeleteAction.INSTANCE	TransportDeleteAction.class	/home/ubuntu/OpenSearch/server/src/main/java/org/opensearch/action/ActionModule.java	751
implemented	UpdateAction.INSTANCE	TransportUpdateAction.class	/home/ubuntu/OpenSearch/server/src/main/java/org/opensearch/action/ActionModule.java	752
implemented	MultiGetAction.INSTANCE	TransportMultiGetAction.class	/home/ubuntu/OpenSearch/server/src/main/java/org/opensearch/action/ActionModule.java	753
implemented	BulkAction.INSTANCE	TransportBulkAction.class	/home/ubuntu/OpenSearch/server/src/main/java/org/opensearch/action/ActionModule.java	754
partial	SearchAction.INSTANCE	TransportSearchAction.class	/home/ubuntu/OpenSearch/server/src/main/java/org/opensearch/action/ActionModule.java	755
partial	StreamSearchAction.INSTANCE	StreamTransportSearchAction.class	/home/ubuntu/OpenSearch/server/src/main/java/org/opensearch/action/ActionModule.java	757
partial	SearchScrollAction.INSTANCE	TransportSearchScrollAction.class	/home/ubuntu/OpenSearch/server/src/main/java/org/opensearch/action/ActionModule.java	759
partial	MultiSearchAction.INSTANCE	TransportMultiSearchAction.class	/home/ubuntu/OpenSearch/server/src/main/java/org/opensearch/action/ActionModule.java	760
partial	ExplainAction.INSTANCE	TransportExplainAction.class	/home/ubuntu/OpenSearch/server/src/main/java/org/opensearch/action/ActionModule.java	761
partial	ClearScrollAction.INSTANCE	TransportClearScrollAction.class	/home/ubuntu/OpenSearch/server/src/main/java/org/opensearch/action/ActionModule.java	762
partial	RecoveryAction.INSTANCE	TransportRecoveryAction.class	/home/ubuntu/OpenSearch/server/src/main/java/org/opensearch/action/ActionModule.java	763
planned	SegmentReplicationStatsAction.INSTANCE	TransportSegmentReplicationStatsAction.class	/home/ubuntu/OpenSearch/server/src/main/java/org/opensearch/action/ActionModule.java	764
planned	NodesReloadSecureSettingsAction.INSTANCE	TransportNodesReloadSecureSettingsAction.class	/home/ubuntu/OpenSearch/server/src/main/java/org/opensearch/action/ActionModule.java	765
planned	AutoCreateAction.INSTANCE	AutoCreateAction.TransportAction.class	/home/ubuntu/OpenSearch/server/src/main/java/org/opensearch/action/ActionModule.java	766
planned	PutStoredScriptAction.INSTANCE	TransportPutStoredScriptAction.class	/home/ubuntu/OpenSearch/server/src/main/java/org/opensearch/action/ActionModule.java	769
planned	GetStoredScriptAction.INSTANCE	TransportGetStoredScriptAction.class	/home/ubuntu/OpenSearch/server/src/main/java/org/opensearch/action/ActionModule.java	770
planned	DeleteStoredScriptAction.INSTANCE	TransportDeleteStoredScriptAction.class	/home/ubuntu/OpenSearch/server/src/main/java/org/opensearch/action/ActionModule.java	771
planned	GetScriptContextAction.INSTANCE	TransportGetScriptContextAction.class	/home/ubuntu/OpenSearch/server/src/main/java/org/opensearch/action/ActionModule.java	772
planned	GetScriptLanguageAction.INSTANCE	TransportGetScriptLanguageAction.class	/home/ubuntu/OpenSearch/server/src/main/java/org/opensearch/action/ActionModule.java	773
partial	FieldCapabilitiesAction.INSTANCE	TransportFieldCapabilitiesAction.class	/home/ubuntu/OpenSearch/server/src/main/java/org/opensearch/action/ActionModule.java	775
planned	PutPipelineAction.INSTANCE	PutPipelineTransportAction.class	/home/ubuntu/OpenSearch/server/src/main/java/org/opensearch/action/ActionModule.java	781
planned	GetPipelineAction.INSTANCE	GetPipelineTransportAction.class	/home/ubuntu/OpenSearch/server/src/main/java/org/opensearch/action/ActionModule.java	782
planned	DeletePipelineAction.INSTANCE	DeletePipelineTransportAction.class	/home/ubuntu/OpenSearch/server/src/main/java/org/opensearch/action/ActionModule.java	783
planned	SimulatePipelineAction.INSTANCE	SimulatePipelineTransportAction.class	/home/ubuntu/OpenSearch/server/src/main/java/org/opensearch/action/ActionModule.java	784
planned	CreateDataStreamAction.INSTANCE	CreateDataStreamAction.TransportAction.class	/home/ubuntu/OpenSearch/server/src/main/java/org/opensearch/action/ActionModule.java	789
planned	DeleteDataStreamAction.INSTANCE	DeleteDataStreamAction.TransportAction.class	/home/ubuntu/OpenSearch/server/src/main/java/org/opensearch/action/ActionModule.java	790
partial	GetDataStreamAction.INSTANCE	GetDataStreamAction.TransportAction.class	/home/ubuntu/OpenSearch/server/src/main/java/org/opensearch/action/ActionModule.java	791
partial	ResolveIndexAction.INSTANCE	ResolveIndexAction.TransportAction.class	/home/ubuntu/OpenSearch/server/src/main/java/org/opensearch/action/ActionModule.java	792
partial	DataStreamsStatsAction.INSTANCE	DataStreamsStatsAction.TransportAction.class	/home/ubuntu/OpenSearch/server/src/main/java/org/opensearch/action/ActionModule.java	793
planned	CreateViewAction.INSTANCE	CreateViewAction.TransportAction.class	/home/ubuntu/OpenSearch/server/src/main/java/org/opensearch/action/ActionModule.java	796
planned	DeleteViewAction.INSTANCE	DeleteViewAction.TransportAction.class	/home/ubuntu/OpenSearch/server/src/main/java/org/opensearch/action/ActionModule.java	797
planned	GetViewAction.INSTANCE	GetViewAction.TransportAction.class	/home/ubuntu/OpenSearch/server/src/main/java/org/opensearch/action/ActionModule.java	798
planned	UpdateViewAction.INSTANCE	UpdateViewAction.TransportAction.class	/home/ubuntu/OpenSearch/server/src/main/java/org/opensearch/action/ActionModule.java	799
planned	ListViewNamesAction.INSTANCE	ListViewNamesAction.TransportAction.class	/home/ubuntu/OpenSearch/server/src/main/java/org/opensearch/action/ActionModule.java	800
planned	SearchViewAction.INSTANCE	SearchViewAction.TransportAction.class	/home/ubuntu/OpenSearch/server/src/main/java/org/opensearch/action/ActionModule.java	801
planned	StartPersistentTaskAction.INSTANCE	StartPersistentTaskAction.TransportAction.class	/home/ubuntu/OpenSearch/server/src/main/java/org/opensearch/action/ActionModule.java	804
planned	UpdatePersistentTaskStatusAction.INSTANCE	UpdatePersistentTaskStatusAction.TransportAction.class	/home/ubuntu/OpenSearch/server/src/main/java/org/opensearch/action/ActionModule.java	805
planned	CompletionPersistentTaskAction.INSTANCE	CompletionPersistentTaskAction.TransportAction.class	/home/ubuntu/OpenSearch/server/src/main/java/org/opensearch/action/ActionModule.java	806
planned	RemovePersistentTaskAction.INSTANCE	RemovePersistentTaskAction.TransportAction.class	/home/ubuntu/OpenSearch/server/src/main/java/org/opensearch/action/ActionModule.java	807
planned	RetentionLeaseActions.Add.INSTANCE	RetentionLeaseActions.Add.TransportAction.class	/home/ubuntu/OpenSearch/server/src/main/java/org/opensearch/action/ActionModule.java	810
planned	RetentionLeaseActions.Renew.INSTANCE	RetentionLeaseActions.Renew.TransportAction.class	/home/ubuntu/OpenSearch/server/src/main/java/org/opensearch/action/ActionModule.java	811
planned	RetentionLeaseActions.Remove.INSTANCE	RetentionLeaseActions.Remove.TransportAction.class	/home/ubuntu/OpenSearch/server/src/main/java/org/opensearch/action/ActionModule.java	812
planned	ListDanglingIndicesAction.INSTANCE	TransportListDanglingIndicesAction.class	/home/ubuntu/OpenSearch/server/src/main/java/org/opensearch/action/ActionModule.java	815
planned	ImportDanglingIndexAction.INSTANCE	TransportImportDanglingIndexAction.class	/home/ubuntu/OpenSearch/server/src/main/java/org/opensearch/action/ActionModule.java	816
planned	DeleteDanglingIndexAction.INSTANCE	TransportDeleteDanglingIndexAction.class	/home/ubuntu/OpenSearch/server/src/main/java/org/opensearch/action/ActionModule.java	817
planned	FindDanglingIndexAction.INSTANCE	TransportFindDanglingIndexAction.class	/home/ubuntu/OpenSearch/server/src/main/java/org/opensearch/action/ActionModule.java	818
partial	CreatePitAction.INSTANCE	TransportCreatePitAction.class	/home/ubuntu/OpenSearch/server/src/main/java/org/opensearch/action/ActionModule.java	821
partial	DeletePitAction.INSTANCE	TransportDeletePitAction.class	/home/ubuntu/OpenSearch/server/src/main/java/org/opensearch/action/ActionModule.java	822
partial	PitSegmentsAction.INSTANCE	TransportPitSegmentsAction.class	/home/ubuntu/OpenSearch/server/src/main/java/org/opensearch/action/ActionModule.java	823
partial	GetAllPitsAction.INSTANCE	TransportGetAllPitsAction.class	/home/ubuntu/OpenSearch/server/src/main/java/org/opensearch/action/ActionModule.java	824
planned	RestoreRemoteStoreAction.INSTANCE	TransportRestoreRemoteStoreAction.class	/home/ubuntu/OpenSearch/server/src/main/java/org/opensearch/action/ActionModule.java	827
planned	ExtensionProxyAction.INSTANCE	ExtensionProxyTransportAction.class	/home/ubuntu/OpenSearch/server/src/main/java/org/opensearch/action/ActionModule.java	831
planned	DecommissionAction.INSTANCE	TransportDecommissionAction.class	/home/ubuntu/OpenSearch/server/src/main/java/org/opensearch/action/ActionModule.java	835
planned	GetDecommissionStateAction.INSTANCE	TransportGetDecommissionStateAction.class	/home/ubuntu/OpenSearch/server/src/main/java/org/opensearch/action/ActionModule.java	836
planned	DeleteDecommissionStateAction.INSTANCE	TransportDeleteDecommissionStateAction.class	/home/ubuntu/OpenSearch/server/src/main/java/org/opensearch/action/ActionModule.java	837
planned	PutSearchPipelineAction.INSTANCE	PutSearchPipelineTransportAction.class	/home/ubuntu/OpenSearch/server/src/main/java/org/opensearch/action/ActionModule.java	840
planned	GetSearchPipelineAction.INSTANCE	GetSearchPipelineTransportAction.class	/home/ubuntu/OpenSearch/server/src/main/java/org/opensearch/action/ActionModule.java	841
planned	DeleteSearchPipelineAction.INSTANCE	DeleteSearchPipelineTransportAction.class	/home/ubuntu/OpenSearch/server/src/main/java/org/opensearch/action/ActionModule.java	842
planned	PauseIngestionAction.INSTANCE	TransportPauseIngestionAction.class	/home/ubuntu/OpenSearch/server/src/main/java/org/opensearch/action/ActionModule.java	845
planned	ResumeIngestionAction.INSTANCE	TransportResumeIngestionAction.class	/home/ubuntu/OpenSearch/server/src/main/java/org/opensearch/action/ActionModule.java	846
planned	GetIngestionStateAction.INSTANCE	TransportGetIngestionStateAction.class	/home/ubuntu/OpenSearch/server/src/main/java/org/opensearch/action/ActionModule.java	847
planned	UpdateIngestionStateAction.INSTANCE	TransportUpdateIngestionStateAction.class	/home/ubuntu/OpenSearch/server/src/main/java/org/opensearch/action/ActionModule.java	848
planned	ListTieringStatusAction.INSTANCE	TransportListTieringStatusAction.class	/home/ubuntu/OpenSearch/server/src/main/java/org/opensearch/action/ActionModule.java	852
planned	GetTieringStatusAction.INSTANCE	TransportGetTieringStatusAction.class	/home/ubuntu/OpenSearch/server/src/main/java/org/opensearch/action/ActionModule.java	853
planned	KNNStatsAction.INSTANCE	KNNStatsTransportAction.class	/home/ubuntu/k-NN/src/main/java/org/opensearch/knn/plugin/KNNPlugin.java	348
planned	KNNWarmupAction.INSTANCE	KNNWarmupTransportAction.class	/home/ubuntu/k-NN/src/main/java/org/opensearch/knn/plugin/KNNPlugin.java	349
planned	UpdateModelMetadataAction.INSTANCE	UpdateModelMetadataTransportAction.class	/home/ubuntu/k-NN/src/main/java/org/opensearch/knn/plugin/KNNPlugin.java	350
planned	TrainingJobRouteDecisionInfoAction.INSTANCE	TrainingJobRouteDecisionInfoTransportAction.class	/home/ubuntu/k-NN/src/main/java/org/opensearch/knn/plugin/KNNPlugin.java	351
planned	GetModelAction.INSTANCE	GetModelTransportAction.class	/home/ubuntu/k-NN/src/main/java/org/opensearch/knn/plugin/KNNPlugin.java	352
planned	DeleteModelAction.INSTANCE	DeleteModelTransportAction.class	/home/ubuntu/k-NN/src/main/java/org/opensearch/knn/plugin/KNNPlugin.java	353
planned	TrainingJobRouterAction.INSTANCE	TrainingJobRouterTransportAction.class	/home/ubuntu/k-NN/src/main/java/org/opensearch/knn/plugin/KNNPlugin.java	354
planned	TrainingModelAction.INSTANCE	TrainingModelTransportAction.class	/home/ubuntu/k-NN/src/main/java/org/opensearch/knn/plugin/KNNPlugin.java	355
planned	RemoveModelFromCacheAction.INSTANCE	RemoveModelFromCacheTransportAction.class	/home/ubuntu/k-NN/src/main/java/org/opensearch/knn/plugin/KNNPlugin.java	356
planned	SearchModelAction.INSTANCE	SearchModelTransportAction.class	/home/ubuntu/k-NN/src/main/java/org/opensearch/knn/plugin/KNNPlugin.java	357
planned	UpdateModelGraveyardAction.INSTANCE	UpdateModelGraveyardTransportAction.class	/home/ubuntu/k-NN/src/main/java/org/opensearch/knn/plugin/KNNPlugin.java	358
planned	ClearCacheAction.INSTANCE	ClearCacheTransportAction.class	/home/ubuntu/k-NN/src/main/java/org/opensearch/knn/plugin/KNNPlugin.java	359
